Time,NoisySignal
0.0,2.210363000568352
0.001,1.8245450832820107
0.002,1.4373443211485317
0.003,1.49274641161132
0.004,1.7752425189603602
0.005,0.7604523465333177
0.006,2.61459824380004
0.007,1.6382812739235026
0.008,1.17662981163377
0.009000000000000001,2.000219494601139
0.01,0.940482682714751
0.011,2.131781209459306
0.012,1.1322596561420557
0.013000000000000001,1.7466318995895889
0.014,0.39047887047545415
0.015,2.5428064593903246
0.016,0.9643125308502618
0.017,2.3620345075630036
0.018000000000000002,2.6268796804633285
0.019,2.402363047538697
0.02,0.8760084377026982
0.021,1.145898228293932
0.022,1.7954475135345613
0.023,0.8282569766875459
0.024,2.0482479251246097
0.025,2.0280075163197475
0.026000000000000002,0.8284970368474495
0.027,0.9769806398968282
0.028,-0.26807091889617296
0.029,1.4391796256474734
0.03,1.2108874880535627
0.031,1.0608161431133947
0.032,0.9484397125717735
0.033,1.2320081277500723
0.034,1.223671892164783
0.035,1.184401657953896
0.036000000000000004,1.4622247360667577
0.037,0.7736540168255255
0.038,1.2570243424818954
0.039,0.6144182017907253
0.04,0.7316496415927193
0.041,0.0884351500666416
0.042,0.28969113587124284
0.043000000000000003,-0.18462767350906206
0.044,1.1224179448895764
0.045,0.23180416434924989
0.046,-0.14791123901815245
0.047,-0.005313756145604587
0.048,0.4468327056332718
0.049,0.7193091450110909
0.05,0.6506589066849714
0.051000000000000004,-0.7672321071630622
0.052000000000000005,-0.34155655286812914
0.053,0.8745188160043039
0.054,0.8203646515931771
0.055,0.20594894563228738
0.056,0.4733598829449382
0.057,-0.7594218938775481
0.058,0.25845256817269824
0.059000000000000004,-0.7810967104743389
0.06,0.06917477304432168
0.061,-0.10936062273664637
0.062,0.2605573874611251
0.063,-0.5876769503641364
0.064,-0.071713520021637
0.065,0.3574974862829165
0.066,-0.9282011108881718
0.067,-0.38441812129194947
0.068,-0.2574238108484646
0.069,0.3904294403710778
0.07,-0.46759120574309815
0.07100000000000001,-0.21215322270587234
0.07200000000000001,-0.5038582365497624
0.073,-0.9961096223933694
0.074,0.06154720834143729
0.075,-0.5408640706592117
0.076,-0.6372166314004686
0.077,-0.18955327761349283
0.078,-0.8173583015640942
0.079,-0.34196081337429873
0.08,-0.1985490472378874
0.081,-0.3638084173870485
0.082,-0.1742223867678282
0.083,-0.6315811906592661
0.084,-0.1489218554861274
0.085,-0.8518520510940115
0.08600000000000001,-0.24127825361548028
0.08700000000000001,-0.2591736024034791
0.088,-0.9174505706089883
0.089,-0.07511679069446359
0.09,-0.21156788659726078
0.091,-0.7314286803773757
0.092,-1.417498439036998
0.093,-1.7690905056275952
0.094,0.571626407143664
0.095,-0.5335561947176102
0.096,-1.1440012245711417
0.097,-1.0616049086993975
0.098,-0.683796474715483
0.099,-0.7791903936733926
0.1,-1.1417385984327417
0.101,0.4951778197412955
0.10200000000000001,-0.8084173805480876
0.10300000000000001,-0.6434307546947576
0.10400000000000001,-0.9009284448505422
0.105,-0.44307836703544556
0.106,-0.10844467477022626
0.107,-0.5177408141449815
0.108,-0.27858103026276854
0.109,-0.30953107804532437
0.11,-1.0852396186759825
0.111,-1.0295752029028589
0.112,-0.14296403732412927
0.113,-0.4029371638126168
0.114,-0.18991716221133867
0.115,-0.5475117955069831
0.116,-0.13999143761665817
0.117,-0.5689145901406389
0.11800000000000001,0.18735044688052702
0.11900000000000001,-0.4479931401796662
0.12,0.6904354268697018
0.121,0.36575699398821615
0.122,-0.34916472852556474
0.123,0.46946406489579245
0.124,0.23043147095284636
0.125,0.7543149289793576
0.126,1.1623532409395374
0.127,0.41300951693045995
0.128,0.5526535039398625
0.129,0.7648432699256478
0.13,1.0713221558765955
0.131,1.5273189904736943
0.132,1.055390162139691
0.133,0.6797622516298191
0.134,0.9454354437294472
0.135,0.5238967697231277
0.136,0.4609936633973421
0.137,1.523204078440055
0.138,0.7242078936989719
0.139,1.352419840091764
0.14,0.44308818066341327
0.14100000000000001,0.942201406787758
0.14200000000000002,1.6681461758144014
0.14300000000000002,0.09021540236030579
0.14400000000000002,1.579718494632688
0.145,0.5861841045580096
0.146,1.7675753197661803
0.147,1.4185939360061175
0.148,1.378801336455591
0.149,-0.14619744965473663
0.15,1.6899065296750877
0.151,0.7552252137874184
0.152,0.4609391719604905
0.153,0.8591683646427635
0.154,0.07549046085019012
0.155,1.1071517347645274
0.156,0.17517223694525166
0.157,0.8624359631758658
0.158,0.22721064936993118
0.159,1.2556883725566323
0.16,0.5018588943477618
0.161,0.9322879047872341
0.162,0.07703895285450033
0.163,0.5322264386673424
0.164,1.0465887218335221
0.165,0.3211103581721634
0.166,-0.08888237020797093
0.167,0.4303662419277248
0.168,0.38585112836457275
0.169,0.29240191855255115
0.17,0.8023519727854826
0.171,0.18440931203952354
0.17200000000000001,1.5734102417949152
0.17300000000000001,-0.5474211734414347
0.17400000000000002,-0.32396431506133955
0.17500000000000002,-0.07989285984014755
0.176,-0.3865992356970702
0.177,-0.8773247574386305
0.178,-0.9619769167010622
0.179,-0.3602576382355012
0.18,0.04117100077643099
0.181,-1.1563126764914142
0.182,-1.579987573540276
0.183,0.37038317224146755
0.184,-1.273032270877485
0.185,-0.8816786117875526
0.186,-1.894880346362235
0.187,-0.5033766633176118
0.188,-1.0780021892474174
0.189,-0.5555908760993871
0.19,-0.6529539660467132
0.191,-1.6635314276947213
0.192,-2.3937083994636428
0.193,-0.9087436722118178
0.194,-0.7692665985727182
0.195,-1.0379565526853893
0.196,-0.8963528126139344
0.197,-1.348462175271452
0.198,-1.1810876126657006
0.199,-0.974375345656741
0.2,-1.17800766984876
0.201,-0.6161943705427149
0.202,-1.6864744639474685
0.203,-1.4033993797332973
0.20400000000000001,-1.1504164375513142
0.20500000000000002,-1.432967341357913
0.20600000000000002,-1.9987495624017408
0.20700000000000002,-1.851556143810187
0.20800000000000002,-0.509157279431426
0.209,-0.85483639513935
0.21,-1.2437812650112174
0.211,-1.162004554077553
0.212,-0.43828998384938794
0.213,-1.3472031781480274
0.214,-1.0353838109270461
0.215,-0.8829034344216677
0.216,-0.22853264530110437
0.217,-1.4629874005657315
0.218,-1.9796593728605563
0.219,-0.9544205857505539
0.22,-0.9230184136082127
0.221,-0.3911463635586342
0.222,-0.21796585678249536
0.223,-0.6534674903247215
0.224,-0.06567714016957156
0.225,0.41084722601400164
0.226,-0.11923457770678753
0.227,-0.37076771292539024
0.228,-0.13028847660406023
0.229,-0.10303936130714116
0.23,-0.4880303751497619
0.231,-0.5201788930554885
0.232,0.02619856360102049
0.233,-0.1445675010306539
0.234,-0.4383725223979724
0.23500000000000001,-0.9118147232093309
0.23600000000000002,0.8384233230386566
0.23700000000000002,0.08178982094896387
0.23800000000000002,0.8159290275422211
0.23900000000000002,-0.327331287228971
0.24,0.41189293132871474
0.241,1.2375160991569456
0.242,-0.03531563645663775
0.243,1.2672048004934375
0.244,0.8010424810931633
0.245,1.5038075322319995
0.246,0.31644367902199105
0.247,1.0700811991609591
0.248,-0.34805363431414676
0.249,-0.15778857105332267
0.25,0.873518289818177
0.251,0.9924240122046091
0.252,-0.11225436051280652
0.253,0.7025267084249474
0.254,0.46052268491772597
0.255,0.7499468518247318
0.256,0.49543999225636726
0.257,0.7314135171344596
0.258,0.7581117696152451
0.259,1.1394673009748943
0.26,-0.8257859999593328
0.261,0.3318010690018732
0.262,-0.3914864423132307
0.263,0.8603396747251109
0.264,-0.126185111492853
0.265,-0.17909665506571215
0.266,0.7906997726991368
0.267,0.5667114820570642
0.268,0.9168407323818921
0.269,0.09592798075029368
0.27,0.18750061656189
0.271,0.10381627876876431
0.272,-0.26460987257862784
0.273,-0.31375680450161986
0.274,1.084307722201417
0.275,-0.5818361221197026
0.276,-0.43380988316528407
0.277,-0.621036659766442
0.278,-0.8107033267742563
0.279,0.30504998883653
0.28,-0.09744860041291234
0.281,0.43436778699540557
0.28200000000000003,-0.7470331707910305
0.28300000000000003,-0.2903561810530003
0.28400000000000003,-1.1387477782467017
0.28500000000000003,-0.6923638186369224
0.28600000000000003,-0.5290154137013913
0.28700000000000003,-1.2730487365460013
0.28800000000000003,-0.9578601404705726
0.289,-1.4189012435233173
0.29,-0.7587184488865588
0.291,-1.2547960982223607
0.292,-1.3281689400509464
0.293,-0.7000292069613152
0.294,-1.3050460047833439
0.295,-1.4495997606932882
0.296,-1.439679694549636
0.297,-1.8336376175442748
0.298,-0.7659812723136481
0.299,-1.7249914221764753
0.3,-1.56987490019075
0.301,-0.39265826294592693
0.302,-1.7766602995132375
0.303,-1.8374094885144348
0.304,-1.8046629647900503
0.305,-1.8630982925177786
0.306,-1.0590307311994258
0.307,-1.4991425693490985
0.308,-2.4260422227943343
0.309,-1.574249704311772
0.31,-0.6424252628837225
0.311,-1.0752616049752384
0.312,-0.023703048978538588
0.313,-0.7045043545764123
0.314,-0.667494857213365
0.315,-1.6475937306587252
0.316,-0.7307197056674095
0.317,-0.7032297183067447
0.318,-0.46901269515459176
0.319,-0.3225661956437723
0.32,-0.8858379292108066
0.321,-1.2971213086417752
0.322,-0.0906860201846081
0.323,-0.7189117849697437
0.324,-0.40949730518676963
0.325,0.5351756285776745
0.326,0.6185755729080823
0.327,0.8344391414633157
0.328,0.9174553755677792
0.329,0.6002619252194537
0.33,0.4740930987559458
0.331,0.18433128227575307
0.332,0.3723011855784952
0.333,1.274922527720611
0.334,0.811835796261078
0.335,1.2915178719451506
0.336,0.8140848459225672
0.337,0.380891322138923
0.338,0.8879173279359276
0.339,0.49284519201918164
0.34,1.602471046379062
0.341,0.08081766024596712
0.342,1.4186436450863769
0.343,0.19603774287821066
0.34400000000000003,1.3582543194946244
0.34500000000000003,0.7801927300920133
0.34600000000000003,1.244926753972078
0.34700000000000003,0.7295273428105526
0.34800000000000003,1.6048458503977194
0.34900000000000003,1.145202069320063
0.35000000000000003,0.7003608559001794
0.35100000000000003,1.5435379318684046
0.352,0.6985402861248746
0.353,0.3519520446984733
0.354,0.2698667547586411
0.355,0.5420726097026706
0.356,0.5644051152651973
0.357,0.7744129857578023
0.358,-0.2779951311398608
0.359,1.6287275188642014
0.36,0.31599647148037285
0.361,0.510327453511978
0.362,-0.7922199261558738
0.363,-0.23220986467729962
0.364,-0.7889902380170812
0.365,-0.3270465574026191
0.366,-0.5380915077232509
0.367,-0.23679658107164409
0.368,-0.05705173457860091
0.369,-0.41166103864369114
0.37,-0.2923109669758233
0.371,-0.20513451941522792
0.372,-1.1425213308879165
0.373,-2.0229716723944193
0.374,-1.4610463062050534
0.375,-0.8654095426682271
0.376,-1.8060982428722583
0.377,-0.4749843329249696
0.378,-1.6267933710811182
0.379,-1.2475785627063383
0.38,-1.7368638267865002
0.381,-0.08230143748399538
0.382,-0.7618888841073737
0.383,-1.2893209453520647
0.384,-1.5909852732694212
0.385,-0.3356470933404979
0.386,-2.13063925148406
0.387,-0.7875353518817649
0.388,-0.8596969299127222
0.389,-0.8498612170992241
0.39,0.17932905994597292
0.391,-0.6055030821860197
0.392,-0.8466559337374069
0.393,-0.25645770286644715
0.394,-0.5016084971613454
0.395,-0.844979849852808
0.396,-0.46971788460310193
0.397,-0.7038501999471911
0.398,-0.7220944875086628
0.399,-0.4343195043940121
0.4,0.2874042934102526
0.401,-0.22372683030942755
0.402,-0.2866584535914796
0.403,0.8727616701218963
0.404,0.7107383144795091
0.405,1.0619202412467947
0.406,1.02558024010479
0.40700000000000003,1.1062219814487697
0.40800000000000003,1.2842871302072831
0.40900000000000003,1.1571449149693773
0.41000000000000003,-0.02660692290836325
0.41100000000000003,1.2574767961281395
0.41200000000000003,1.5536532682559623
0.41300000000000003,1.9370659137315314
0.41400000000000003,0.8686594628392583
0.41500000000000004,0.7219550071912739
0.41600000000000004,1.5656641225180086
0.417,0.8763259468572511
0.418,1.4631414002693743
0.419,1.6693813630125265
0.42,0.9432602910587785
0.421,0.8273241384921901
0.422,1.242320998673975
0.423,0.5126148371820064
0.424,1.0868977307695757
0.425,1.5503196940997064
0.426,0.4861226598467139
0.427,1.5426073452590097
0.428,0.012039703753362663
0.429,0.44389169685526525
0.43,0.1023733733256196
0.431,0.44714215790428546
0.432,0.04938047884012037
0.433,0.7185694357864993
0.434,-0.014594028085244626
0.435,-1.085742673211159
0.436,0.2228288540828423
0.437,-0.48771881200281175
0.438,-0.5202286829869402
0.439,-0.33585818508665466
0.44,-0.16423230038774306
0.441,1.0326922629736588
0.442,-1.2501121103103658
0.443,0.17049405722765576
0.444,-0.02728212405856545
0.445,-0.947497374039929
0.446,-0.6555685659099986
0.447,-0.6173917920531367
0.448,-0.5844578872281162
0.449,-0.7438189315631644
0.45,0.10909072615451032
0.451,-0.47170271996129354
0.452,-0.2997826038002873
0.453,-0.08673376815825895
0.454,-1.402469977642011
0.455,-0.44022256346858923
0.456,0.3925177667772806
0.457,-0.4894566803473529
0.458,-0.3783506257077899
0.459,0.5196742585383387
0.46,1.0442123345672505
0.461,0.5888712294384235
0.462,0.538137163802559
0.463,0.2458439350973728
0.464,0.6607544550968415
0.465,0.19921545709499217
0.466,0.8112104050531522
0.467,0.7486014285800953
0.468,0.995152409416093
0.46900000000000003,0.7549111092725806
0.47000000000000003,1.3897935907984766
0.47100000000000003,1.9206736316313346
0.47200000000000003,1.3151954010281866
0.47300000000000003,1.6828756400901994
0.47400000000000003,1.4451308355671508
0.47500000000000003,2.0678072888881482
0.47600000000000003,0.9342373868545014
0.47700000000000004,1.3616246119065285
0.47800000000000004,2.099442486561477
0.47900000000000004,2.599376474204612
0.48,1.378275208556576
0.481,2.821997018664136
0.482,2.1817381422339195
0.483,1.5634623853918104
0.484,1.7449294506495567
0.485,1.7312474035786658
0.486,1.7116565263111876
0.487,2.237667055802744
0.488,2.0764032541174444
0.489,1.6073888424492973
0.49,1.3001612840829049
0.491,1.0117664212298199
0.492,2.4568456971593986
0.493,0.2899574174736364
0.494,0.6753429559154124
0.495,1.5950415543828589
0.496,0.9284679307787058
0.497,1.0821119912454713
0.498,-0.09572904175966546
0.499,-0.5616297330186125
0.5,0.6583658955941968
0.501,0.0833259671736627
0.502,0.10409060188107111
0.503,0.7718914425227453
0.504,0.6158651535341759
0.505,-0.74824173461842
0.506,-0.5298934680369696
0.507,0.1597591831230758
0.508,-0.8780142541685466
0.509,-0.6083209449937894
0.51,-0.07133205233491702
0.511,-0.8662661631647115
0.512,-0.009897792574572017
0.513,0.6853749262083274
0.514,-0.15867734706923953
0.515,-0.0007229092604368326
0.516,0.06726357467574606
0.517,0.35283550192747715
0.518,0.879201134500319
0.519,-0.4207759326587628
0.52,-0.04974930243398967
0.521,0.43613254019129805
0.522,-0.6878266584993146
0.523,1.236254791963503
0.524,0.24085025137573296
0.525,0.049667235926775355
0.526,0.1045514283654444
0.527,0.836582176283954
0.528,1.4474769094545266
0.529,1.0772940642060171
0.53,-0.021747327245087766
0.531,1.6927752606286623
0.532,1.4239320736880958
0.533,1.4137019525585772
0.534,2.010476662871286
0.535,1.551167930218416
0.536,1.79539741356731
0.537,1.20665377776891
0.538,2.1526427846216696
0.539,1.9468159191218914
0.54,1.071364406658693
0.541,0.9980689651578336
0.542,1.8956416859928176
0.543,1.873895732852987
0.544,1.6064187462995532
0.545,2.4579190826292128
0.546,1.2151551832126772
0.547,2.7189725996411434
0.548,1.8463369272569896
0.549,1.3515547360002993
0.55,1.9979396191906984
0.551,2.107332049425125
0.552,1.2672643325824517
0.553,1.060867881620841
0.554,0.7703972584233872
0.555,0.5820721556493706
0.556,0.3889112460600894
0.557,0.7239802979293092
0.558,1.2256845552532123
0.559,0.9484076216945886
0.56,0.5488318775147248
0.561,0.8674418089849123
0.562,0.10957501616657239
0.5630000000000001,0.4377694638828026
0.5640000000000001,-0.004213659692372973
0.5650000000000001,-0.2498448298856515
0.5660000000000001,-0.8570231870423677
0.5670000000000001,0.08820907063227357
0.5680000000000001,-0.5108920427041965
0.5690000000000001,-1.0089025709841104
0.5700000000000001,0.200945257276531
0.5710000000000001,-0.5817485333961562
0.5720000000000001,0.020072487156987506
0.5730000000000001,0.35973963820234345
0.5740000000000001,-0.2147283841937584
0.5750000000000001,0.4117977349802454
0.5760000000000001,-0.18612248462639647
0.577,0.02213927943762317
0.578,0.5375322442212416
0.579,-0.29258562804423116
0.58,1.31617143069146
0.581,1.2203053991588524
0.582,-0.44527677496865326
0.583,0.6722277717583298
0.584,1.2181243433584195
0.585,1.5022564766922857
0.586,0.22793320999153627
0.587,0.6979913882818755
0.588,0.916435753528922
0.589,2.1513517272837306
0.59,0.7184600972535329
0.591,1.6188602590776926
0.592,1.5293186089965376
0.593,1.62969531729935
0.594,1.9716891349526797
0.595,3.0696264153154984
0.596,1.7842361667882138
0.597,1.725809252471886
0.598,1.8819383500066154
0.599,0.9509297814778274
0.6,1.1217910254226369
0.601,1.6127336276390363
0.602,1.5458480999760793
0.603,1.0390394648762333
0.604,1.8837429708556077
0.605,1.7389304968409465
0.606,1.5513367300718421
0.607,1.2469207372176836
0.608,0.9159362568974918
0.609,1.0240704438997574
0.61,1.0593133734690223
0.611,0.0957929626250974
0.612,1.122125192952641
0.613,0.04472139161632227
0.614,0.4037697628907843
0.615,-0.3713625340122476
0.616,-0.42200073396596627
0.617,-0.3540102680651456
0.618,-0.1105660465594801
0.619,-0.22280019178031896
0.62,-0.5111632205731682
0.621,-0.14971414918214443
0.622,-0.03095267250476408
0.623,0.1818202221750016
0.624,-0.8218683256858651
0.625,-0.09586643293571417
0.626,0.34583003222227426
0.627,-0.45966351556259055
0.628,0.34609560115812177
0.629,0.4436022528362464
0.63,0.0471338100501838
0.631,0.820984595742183
0.632,-0.04986030790562124
0.633,-0.07258619366593277
0.634,0.73426591785014
0.635,0.8984783317685787
0.636,0.771629239098433
0.637,1.0189844860948827
0.638,1.4015761049937208
0.639,2.241371717956329
0.64,1.2215357976423797
0.641,1.626144648038737
0.642,1.2081903433415715
0.643,1.3419881478778817
0.644,1.78445889979539
0.645,3.1465500387091008
0.646,1.8044906755746766
0.647,1.450123188349865
0.648,1.4506613716382075
0.649,1.3682442792848795
0.65,2.236444368747308
0.651,0.8468111589006222
0.652,1.3345391097356847
0.653,2.9552857589718955
0.654,2.229573273219018
0.655,1.0558010047908806
0.656,1.789288076863576
0.657,1.3430389261102027
0.658,2.356589689606584
0.659,1.3257219205042539
0.66,1.2477423084355008
0.661,1.3220872329912376
0.662,0.7586828724775855
0.663,1.013016806475496
0.664,0.5531781936830489
0.665,1.0268372548695133
0.666,0.6480425510533505
0.667,0.2856643548633124
0.668,-0.41025397324994284
0.669,-0.12154450902475378
0.67,-0.18913222809504893
0.671,-0.18418762498773034
0.672,-0.8337211785411426
0.673,-0.1771776940479035
0.674,-1.1515380302311558
0.675,-0.4183785520409483
0.676,0.5748194442204972
0.677,-1.1012785501488076
0.678,-0.8700065228186222
0.679,-0.8151732454640496
0.68,-0.5976105000464775
0.681,-0.4920424419652877
0.682,-0.8148651884948368
0.683,-0.06544476720454306
0.684,0.20986399178273116
0.685,0.10172333460414429
0.686,1.2978088198068116
0.687,0.5797490089243945
0.6880000000000001,-0.3665593164486566
0.6890000000000001,0.047507540322087316
0.6900000000000001,1.2055310821774288
0.6910000000000001,0.5707107009857779
0.6920000000000001,1.5910514642483053
0.6930000000000001,0.8723332114928968
0.6940000000000001,1.6220986163614204
0.6950000000000001,1.4888787697287844
0.6960000000000001,1.8192297184022166
0.6970000000000001,2.410784573270063
0.6980000000000001,0.9596299700938143
0.6990000000000001,1.084216594512413
0.7000000000000001,1.6271824570592932
0.7010000000000001,1.5032834618334248
0.7020000000000001,1.9219673041329166
0.7030000000000001,1.3005920738398582
0.704,0.8731877687975071
0.705,0.5264837437529511
0.706,1.1353090874439111
0.707,1.649621106373666
0.708,0.42896608213478726
0.709,1.4235045333517553
0.71,0.5020564393897156
0.711,-0.232538556503272
0.712,0.28733292211549943
0.713,-0.9669977458460324
0.714,-0.479860992357557
0.715,-0.3712193970062434
0.716,0.31793165645568655
0.717,-1.2596756408735243
0.718,-0.4677811724012436
0.719,-0.23121537923169888
0.72,-0.619717584379624
0.721,-0.9045084048856153
0.722,-0.9452669553844584
0.723,-0.8148826070329572
0.724,-0.978082243641536
0.725,-0.6604493011240363
0.726,-0.315081470888392
0.727,-0.5174092705259921
0.728,-0.24699009615034198
0.729,-0.5997264721997354
0.73,-0.5884945393257788
0.731,-0.7463910230176664
0.732,-1.2374920646106078
0.733,0.201652196075017
0.734,-0.4623780494018541
0.735,0.15507522454687175
0.736,0.01724869996731586
0.737,0.5740952480751094
0.738,0.994357792556181
0.739,0.97759793377032
0.74,-0.15255971613343655
0.741,1.6084138438778504
0.742,1.825702505456057
0.743,1.2841811874414704
0.744,2.4032881659804373
0.745,1.4740101041860383
0.746,1.1518033447044722
0.747,0.9256364564803152
0.748,0.8763310602763752
0.749,1.5553166467966582
0.75,1.4846741419338012
0.751,1.2508796831417857
0.752,0.9737326130608734
0.753,1.347236474262521
0.754,0.7725850555366675
0.755,0.03873982586712954
0.756,0.3180355181274254
0.757,-0.5525766783547899
0.758,0.11113628715816048
0.759,0.05972264457095661
0.76,0.25098850377228044
0.761,-0.47245727061684056
0.762,-0.5304666517568526
0.763,-0.6119533589629866
0.764,-0.08262405497145037
0.765,-0.6830235987242438
0.766,-0.781302946128541
0.767,-0.714007562450301
0.768,-0.33059566720920575
0.769,-0.10428839282448144
0.77,-1.649396132907328
0.771,-0.04347068667640622
0.772,-0.16852204377330893
0.773,-0.9718987696831792
0.774,-0.16505732912613763
0.775,-0.5232019326228461
0.776,-1.2396657574173235
0.777,0.7825815304699164
0.778,0.22142186698019242
0.779,0.526950322057147
0.78,0.5355053355789653
0.781,0.6366789561858246
0.782,0.4091886614907797
0.783,-0.13105294047581995
0.784,0.7868982533218747
0.785,0.6222818228201511
0.786,0.8589848887107033
0.787,1.4227079307028734
0.788,2.362678412533061
0.789,1.7123085673626617
0.79,1.4270868881271115
0.791,1.3833965705376436
0.792,2.0280388922939006
0.793,1.6839174361681997
0.794,0.8549691997707307
0.795,0.7002148313434499
0.796,1.2308101400918305
0.797,0.6399585871954369
0.798,0.019265726570645986
0.799,-0.6187978556331635
0.8,0.41291220448599825
0.801,0.9604392149452395
0.802,-0.26811759091223264
0.803,-0.6677160389622983
0.804,0.1396403390844012
0.805,0.055948190745213205
0.806,-0.036311939434214874
0.807,-0.789181611815524
0.808,-0.5225347300514925
0.809,-0.20580021913525784
0.81,-0.5215078205348549
0.811,-1.1497941723613028
0.812,-0.9728850890944777
0.8130000000000001,-0.9302602209353188
0.8140000000000001,-0.35598737686041626
0.8150000000000001,-0.9794899876928796
0.8160000000000001,-0.38866533965071826
0.8170000000000001,-0.9867641683578496
0.8180000000000001,-0.6038778059039096
0.8190000000000001,-0.19031647900648402
0.8200000000000001,0.15858979363801623
0.8210000000000001,-1.0650090312821314
0.8220000000000001,-0.09115641710241787
0.8230000000000001,-0.8262656002052833
0.8240000000000001,0.4640525400456559
0.8250000000000001,-0.09322366157699793
0.8260000000000001,0.23410246346338714
0.8270000000000001,0.8525828163738348
0.8280000000000001,1.1509268960097658
0.8290000000000001,1.5103802828492499
0.8300000000000001,0.35703975032762925
0.8310000000000001,1.0809804528286335
0.8320000000000001,1.1401849438711023
0.833,0.7108617672797295
0.834,0.37711670074369286
0.835,0.40418894169414643
0.836,0.11690787524348714
0.837,1.0188868256291923
0.838,1.1813643320273117
0.839,0.3538170167921594
0.84,0.4845438530439885
0.841,0.6190514773850564
0.842,0.23446832345263227
0.843,-0.08592672231180605
0.844,-0.44398359807686266
0.845,0.6503718585400236
0.846,-0.5788495714400396
0.847,-0.3588964344994923
0.848,0.29445351973386474
0.849,-0.48514813284280595
0.85,-0.9571958351326771
0.851,-0.6538572596208009
0.852,-0.7394156268576092
0.853,-1.126535160199528
0.854,-1.3822323378083299
0.855,-1.0819672699422045
0.856,-0.7826438232579891
0.857,-1.1013651958707487
0.858,-0.6893491754143665
0.859,-0.7941974172201965
0.86,-0.8922851892036945
0.861,-0.01402612351875096
0.862,-1.2953941503598678
0.863,-0.7237864072814
0.864,-1.35479057954091
0.865,-0.8920904212279506
0.866,-1.1414243334790564
0.867,-0.19569942467823673
0.868,-0.9646088155290999
0.869,0.9375585100622889
0.87,0.7633619551036593
0.871,0.9100095856378494
0.872,0.3007468610669943
0.873,0.9648987504520806
0.874,0.781030330873097
0.875,-0.22335744756009968
0.876,0.3192065250106215
0.877,0.18602767884109006
0.878,-1.5475854493628955
0.879,0.15471851017887506
0.88,-0.08156681459526693
0.881,-0.23687327286566384
0.882,0.22353029392234958
0.883,-0.07491116391928154
0.884,-0.1370322777234001
0.885,-0.7273934917698547
0.886,-1.6644542044693824
0.887,-1.8446011983424908
0.888,-0.46504545089735927
0.889,-0.8146936510749357
0.89,-1.0031570207488183
0.891,-2.1524035542603865
0.892,-1.3797699296322716
0.893,-1.77259296151558
0.894,-1.346124751222384
0.895,-2.760906638787734
0.896,-2.608307787157049
0.897,-1.3608230125277445
0.898,-1.230789517487882
0.899,-0.8000609768754376
0.9,-1.3610539601855325
0.901,-0.7226972896489906
0.902,-0.26944668380418146
0.903,-0.8044513811983326
0.904,-0.08808156697040148
0.905,0.15963855903952123
0.906,-1.1952856236797955
0.907,-0.37465881548399327
0.908,0.3595133869296307
0.909,1.1113660901047622
0.91,0.5908730240684362
0.911,1.2149755164081966
0.912,-0.0342295515476333
0.913,0.24858220034651934
0.914,0.028939077483100206
0.915,-0.08158400410703526
0.916,1.3907455560265642
0.917,0.15460115385297135
0.918,0.43678748480294805
0.919,0.4925152563241253
0.92,-0.10547781265336098
0.921,-0.4306675187691078
0.922,0.0967677529046731
0.923,-0.03308608726118378
0.924,-0.17383322424188424
0.925,-0.9502083410929358
0.926,-1.0047345758757915
0.927,-0.8846857836394795
0.928,-0.6237098719613305
0.929,-1.008740628152779
0.93,-1.652351412436171
0.931,-1.0448696589136004
0.932,-1.6715622922488167
0.933,-2.6755670775832843
0.934,-1.6911806213235452
0.935,-1.50277519308746
0.936,-2.566974724737264
0.937,-1.7898222301973488
0.9380000000000001,-1.3185328000862584
0.9390000000000001,-0.4209839414117809
0.9400000000000001,-1.9025735384313425
0.9410000000000001,-0.5339747586128532
0.9420000000000001,-0.3043786979698516
0.9430000000000001,-1.5907379847199126
0.9440000000000001,0.32549976125390184
0.9450000000000001,0.4765235204127364
0.9460000000000001,-0.15019206150210962
0.9470000000000001,-0.01537200845302919
0.9480000000000001,0.002624006487778552
0.9490000000000001,0.8585723163991398
0.9500000000000001,-0.10802047538924348
0.9510000000000001,0.45451186699084795
0.9520000000000001,0.8915120089565617
0.9530000000000001,0.6861017793861901
0.9540000000000001,0.6202291014915968
0.9550000000000001,1.9621113772005128
0.9560000000000001,0.4305382904833621
0.9570000000000001,0.5202012113715327
0.9580000000000001,1.6665839862984553
0.9590000000000001,1.2225320214401643
0.96,0.4502094099794799
0.961,-0.08565875438606044
0.962,-0.5629808402519219
0.963,0.5740763820999099
0.964,-0.8426554101136239
0.965,-0.0009238209324768723
0.966,-0.664055450601258
0.967,-1.2360565248896151
0.968,-0.39407168326546005
0.969,-0.8722527032445921
0.97,-0.634106374943442
0.971,-0.5181098916964995
0.972,-0.8233566599156855
0.973,-1.4870160402895554
0.974,-0.2803531688284989
0.975,-0.6098511658764445
0.976,-1.6018785318155113
0.977,-1.1007115624783237
0.978,-1.0087880157410727
0.979,0.26464924695130865
0.98,-0.645285182708609
0.981,-0.8467791007108317
0.982,-0.4967115821398633
0.983,0.11519772659592309
0.984,0.2699439288085253
0.985,0.2388915007147665
0.986,0.7773779674471539
0.987,1.160838009744937
0.988,0.6395327650642322
0.989,0.9024836612033179
0.99,0.8373352398711703
0.991,2.2658829808613987
0.992,0.853306848540902
0.993,1.0831253945179573
0.994,1.3733419493089591
0.995,0.9187308441789616
0.996,1.1797635436714948
0.997,0.4073232005056934
0.998,0.12863643567539565
0.999,0.05040140590294538
1.0,-0.016361957817578265
1.0010000000000001,-0.3116545456745004
1.002,0.2548992176156513
1.0030000000000001,0.05677977713691873
1.004,-1.0397257310638646
1.0050000000000001,-0.828245561889272
1.006,-1.3989536509501006
1.0070000000000001,-1.6400500007406125
1.008,-1.4100881178518296
1.0090000000000001,-0.42031977004741
1.01,-1.2126139691952715
1.0110000000000001,-2.3114553720655326
1.012,-1.2514628502828054
1.0130000000000001,-0.9213981022675055
1.014,-1.4384344874846595
1.0150000000000001,-1.0243782192843904
1.016,-0.31032680398659274
1.0170000000000001,0.4747592453607104
1.018,-0.7938647176845883
1.0190000000000001,-0.40310502601306875
1.02,0.4788963159892176
1.0210000000000001,0.1588796101595319
1.022,-0.1656696898567535
1.0230000000000001,-0.2480924765819988
1.024,1.0232419797895265
1.025,0.3327165893921049
1.026,0.3680887967328732
1.027,0.37571743077634423
1.028,0.42489077134748976
1.029,0.8468879411905266
1.03,0.9392403429116098
1.031,-0.48879174364234
1.032,-0.17370111038120875
1.033,-0.04167227207745683
1.034,0.0021586672968145204
1.035,-0.4247616944496182
1.036,-0.05902564918566083
1.037,-0.7997009835758655
1.038,-0.7582316273958563
1.039,-0.5173069397016126
1.04,-0.3797777792636162
1.041,-1.260046281317871
1.042,-0.9414869596589164
1.043,-1.2859204214691276
1.044,-1.5888559258248218
1.045,-1.760683446282269
1.046,-1.5658614532528146
1.047,-0.8263438519784247
1.048,-1.025533660338576
1.049,-1.3568639286046258
1.05,-0.8355426349711117
1.051,-0.25712436970171426
1.052,-1.0207407787828808
1.053,-0.23817747420366772
1.054,0.3818757727228179
1.055,-0.13853365213326924
1.056,-0.08096101390326726
1.057,0.9618120882256158
1.058,0.403741312844526
1.059,0.06193270710784937
1.06,0.5674394188768219
1.061,-0.47427387863893966
1.062,0.16897814140730905
1.063,0.5610277657602293
1.064,0.8300477409283811
1.065,-0.16897391672548656
1.066,1.0704008591411007
1.067,-0.28284258407421603
1.068,-1.0007688315671033
1.069,-0.2503951436494826
1.07,-0.2667016809248064
1.071,-0.7441448086283671
1.072,-0.8177505477014009
1.073,-1.2590037183440115
1.074,-0.8584656155873291
1.075,-1.2846100227477013
1.076,-0.651170233799562
1.077,-0.7424397761791086
1.078,-2.5444881412661777
1.079,-0.6981490151767333
1.08,-0.8838294779321366
1.081,-1.4822778057072816
1.082,-1.0298497906392774
1.083,-1.3862087143416402
1.084,-1.1262478774455407
1.085,-0.9242968961581963
1.086,-1.387848817274904
1.087,-0.3354792055735743
1.088,-0.649850920968363
1.089,0.22729277004173726
1.09,0.21131840787443423
1.091,-0.4805211955549367
1.092,0.11029176877546637
1.093,1.2851381944806972
1.094,0.5355659456474027
1.095,1.2290224064681474
1.096,0.9836451729448397
1.097,1.3217060239502048
1.098,0.7615817449610913
1.099,0.7370978952506965
1.1,-0.9220435962812847
1.101,-0.798268199305521
1.102,-0.5839798921020765
1.103,-0.46262956212801987
1.104,-0.40873511560446096
1.105,-0.4639116746451041
1.106,-0.6349749603550927
1.107,-0.8946042917085741
1.108,-0.3979028614005666
1.109,-1.2124008797160288
1.11,-1.3800739920117016
1.111,-1.1477549308489368
1.112,-1.1642457730228777
1.113,-1.0356220115322854
1.114,-1.8112885963745533
1.115,-1.4681414031762108
1.116,-1.0641329988324617
1.117,-0.8468344826584414
1.118,-1.4666367020894597
1.119,-1.2011309371456975
1.12,-0.6214997538475548
1.121,-0.6531101835931817
1.122,-1.1242542805983802
1.123,-1.2834858194789187
1.124,-0.41427507268851316
1.125,0.16285852872099005
1.1260000000000001,-0.9945191196536519
1.127,-1.1602290849568577
1.1280000000000001,-0.10679148205342925
1.129,0.7974973481777465
1.1300000000000001,-0.37609294244712044
1.131,-0.1920025155858508
1.1320000000000001,0.09650566025696072
1.133,0.6230606668187761
1.1340000000000001,-0.8180396038402005
1.135,-0.5979002536970093
1.1360000000000001,0.22081535165211907
1.137,-0.5532266674280928
1.1380000000000001,-0.0260966181519095
1.139,-0.4346522953705956
1.1400000000000001,-0.3588254336710421
1.141,-0.8201334569455581
1.1420000000000001,-0.9102568925992957
1.143,-1.6846365517805484
1.1440000000000001,-0.9487499174140985
1.145,-0.668382780760955
1.1460000000000001,-1.8604797829572817
1.147,-1.0998474211653089
1.1480000000000001,-1.177014538819244
1.149,-0.3888420112644409
1.1500000000000001,-0.02842346580673477
1.151,-0.9991448504681671
1.1520000000000001,-0.9818154900590385
1.153,-0.6199452065311092
1.154,0.037183606563201244
1.155,-0.38015173110153716
1.156,-0.14764161625941016
1.157,0.661679895122586
1.158,1.3438216518728305
1.159,0.2860380365120424
1.16,0.7037736163887214
1.161,0.11959932922233507
1.162,0.7102735761689795
1.163,0.9636826973129422
1.164,-0.3641792372107139
1.165,-0.22229271266495143
1.166,0.3831690473561091
1.167,-1.0310337875290945
1.168,-0.292831623207337
1.169,0.4599818399480369
1.17,-1.34346488352422
1.171,-0.6897990437248657
1.172,-0.5691356865672446
1.173,-1.3220713490397449
1.174,-0.5571005470655216
1.175,-0.6928215980742064
1.176,-1.3617892220129666
1.177,-1.9275793264112746
1.178,-2.207709792922864
1.179,-1.6083914897187057
1.18,-0.9705570707230112
1.181,-0.8263356090119033
1.182,-1.7682201049303037
1.183,-0.32382584009721493
1.184,-1.4515830989094418
1.185,-1.0443126037694852
1.186,-0.9606683887731262
1.187,-0.6978553166469825
1.188,0.40419198512519816
1.189,-1.0336416680971283
1.19,0.24083516238811897
1.191,0.6374603875813374
1.192,0.4209401809191342
1.193,-0.5644290240917565
1.194,0.06071691123878942
1.195,0.7795562346577998
1.196,0.14796238779060755
1.197,0.12974984036142811
1.198,-0.6508058596888892
1.199,-0.5129135483277072
1.2,-0.4373329083586063
1.201,-0.9848202411914735
1.202,-0.603822375188124
1.203,-0.9573432748639267
1.204,-1.969476789037126
1.205,-2.3393205904938643
1.206,-1.4563296687667475
1.207,-1.6215091765066232
1.208,-2.553128356463575
1.209,-2.3027255978748187
1.21,-1.481725073057046
1.211,-1.5955100696151125
1.212,-2.4170603301747677
1.213,-2.022880783890645
1.214,-2.015163237175938
1.215,-1.5445606659534592
1.216,-0.9251056456352146
1.217,0.007397397043959586
1.218,-0.7954395152046778
1.219,-1.4287012923664084
1.22,-0.21130834780829666
1.221,0.1758751017713982
1.222,-0.2737313808196695
1.223,0.5335607520363468
1.224,0.612645188791225
1.225,0.6727785035674433
1.226,-0.33304060369329436
1.227,0.5978819082135095
1.228,-0.3750820164442169
1.229,-0.8337696123033079
1.23,-0.8095416052672496
1.231,-1.5217825117472945
1.232,-0.2853352922374812
1.233,-1.897786448802918
1.234,-0.8812742241422511
1.235,-1.5874505375933412
1.236,-2.072207065370068
1.237,-1.8394081516698568
1.238,-1.7262975973138062
1.239,-2.6780884138082044
1.24,-1.0603853962866958
1.241,-2.1665509208590623
1.242,-2.7598103533904794
1.243,-2.013313678451417
1.244,-1.6131257960108116
1.245,-2.138322652657432
1.246,-1.7567840032072786
1.247,-1.3942854939202083
1.248,-1.0198334307244346
1.249,-1.1096958302755022
1.25,-0.5945633444751673
1.2510000000000001,-0.32741424808775066
1.252,-0.4037349057470023
1.2530000000000001,-0.6825709281719117
1.254,-0.16964683233879296
1.2550000000000001,-0.02446961415707105
1.256,0.3853163106808968
1.2570000000000001,0.17954370833236788
1.258,0.6622721327491388
1.2590000000000001,0.33657332226940173
1.26,0.48451908945463107
1.2610000000000001,-0.9922485678586289
1.262,0.20136330480222642
1.2630000000000001,-1.0687114229389352
1.264,-1.4820108795127938
1.2650000000000001,-1.0652664022126823
1.266,-0.978656557604678
1.2670000000000001,-2.007013646417259
1.268,-1.3487297377308982
1.2690000000000001,-1.4394499041775604
1.27,-2.512693980118148
1.2710000000000001,-1.7656038929145477
1.272,-1.5951391911842097
1.2730000000000001,-1.795281174401716
1.274,-1.4620437353765352
1.2750000000000001,-1.0635551317430587
1.276,-1.2530226564139904
1.2770000000000001,-1.311370462666945
1.278,0.026696132299216857
1.2790000000000001,0.8765081379051489
1.28,-1.2128120649908096
1.281,0.2923044022607202
1.282,0.15966064155463655
1.283,0.05625403345846425
1.284,0.31860823291228557
1.285,0.5900509983980288
1.286,0.5815307993103387
1.287,-0.0034353351634591744
1.288,-0.7117892424936975
1.289,0.6055242582995044
1.29,-0.7158099362648938
1.291,-0.14263282460977844
1.292,-0.7951348143602245
1.293,-0.6205369273682602
1.294,-0.6143024026059899
1.295,-2.051936471889449
1.296,-1.4746296476540937
1.297,-1.0640579682294389
1.298,-2.197261944524356
1.299,-2.499776507329719
1.3,-1.5451056070486866
1.301,-1.7001098414337164
1.302,-1.7821397943638977
1.303,-0.91008001930225
1.304,-1.7455883899989098
1.305,-0.5893321703863863
1.306,-0.34922532577002235
1.307,-0.2508922234028603
1.308,-0.03492367371792243
1.309,-0.042114491000893206
1.31,-0.4246369376547072
1.311,-0.2750817463427876
1.312,0.4417684997492173
1.313,0.4148238749053037
1.314,1.3631112864023107
1.315,0.3986948695332526
1.316,-0.46489754245892223
1.317,1.3851736568619466
1.318,0.5585970339350478
1.319,-0.4293884109209534
1.32,-0.12052729036009213
1.321,-0.8644115083546704
1.322,-0.9076505571949416
1.323,-1.0038382936641659
1.324,-1.1005486638818847
1.325,-1.3960544906216756
1.326,-1.4403480465637535
1.327,-0.5016920904941962
1.328,-1.9713824241797027
1.329,-1.5843230518414873
1.33,-1.602334078116665
1.331,-1.3710779925528738
1.332,-0.8821211536689195
1.333,-1.1646131897059564
1.334,-1.1100868206847263
1.335,-1.6412862623585611
1.336,-0.8316958847869156
1.337,-0.7269426012576965
1.338,-0.5386780268070503
1.339,-1.011080817391714
1.34,0.12696560892434183
1.341,-0.22896079863059404
1.342,0.7970248709844611
1.343,0.5601409962694317
1.344,0.4880942470828452
1.345,0.899615966634433
1.346,-0.11111930907207851
1.347,0.859120668534617
1.348,-0.5277362895760636
1.349,-0.4528298510806966
1.35,-0.12910837276317322
1.351,-0.5784074404809412
1.352,-0.9004182060611898
1.353,-1.135586063999716
1.354,-0.20503375281305852
1.355,-2.434673268677447
1.356,-1.6933708729760435
1.357,-1.049679295728683
1.358,-2.1201090491456136
1.359,-1.2715022583686157
1.36,-1.7956317966866207
1.361,-0.7083192690943054
1.362,-0.8853644547245056
1.363,-1.2363928324306717
1.364,-0.3715430825253184
1.365,-0.4676403836048967
1.366,0.22574190396718033
1.367,0.30477887045523255
1.368,-0.4176595926356669
1.369,1.416684217562432
1.37,1.1446601276319748
1.371,0.41811965765986425
1.372,0.18691645055346467
1.373,1.044078051362894
1.374,1.446236328600108
1.375,0.20957865521364677
1.3760000000000001,0.8633430907963177
1.377,-0.11013967288290963
1.3780000000000001,-1.1513355208114748
1.379,-0.9916913764487656
1.3800000000000001,0.6407830080482276
1.381,-0.9166601270789837
1.3820000000000001,-1.6493428090600448
1.383,-0.70060031423554
1.3840000000000001,-2.4959286228384303
1.385,-1.3628771337551673
1.3860000000000001,-1.3274126381200677
1.387,-0.9093940477168596
1.3880000000000001,-1.3639439258145367
1.389,-0.4196607774885935
1.3900000000000001,-0.23045252511231862
1.391,-0.2507214636039734
1.3920000000000001,0.7043393417850554
1.393,0.00928465575570582
1.3940000000000001,1.156058654100245
1.395,0.9840037277673321
1.3960000000000001,-0.31821889739243836
1.397,0.741846246483431
1.3980000000000001,1.3441951148647524
1.399,0.8960510384871272
1.4000000000000001,1.1989862142036989
1.401,0.0861653519095073
1.4020000000000001,-0.2729896143373828
1.403,0.6124744041712966
1.4040000000000001,0.14096803009677228
1.405,0.40268634322738284
1.4060000000000001,-0.9749419121292193
1.407,-1.195937338505928
1.408,-1.9037154384996915
1.409,-1.2718652307951563
1.41,-0.2643240148758351
1.411,-1.5508320895256191
1.412,-0.7987112956773563
1.413,-1.1383744587318976
1.414,-1.5619085415976366
1.415,-1.1152314345270136
1.416,-0.10189325790639192
1.417,-1.4656432879567842
1.418,-0.701794985232633
1.419,-1.001130127898521
1.42,0.4728540154082415
1.421,-0.5132012385475181
1.422,-0.4065683076225985
1.423,-0.045954930212660394
1.424,-0.6668836956009432
1.425,0.18857117895021924
1.426,0.15812759956589606
1.427,-0.23069301422417343
1.428,-0.31700301388880014
1.429,0.20886721189614887
1.43,0.5246716920318902
1.431,-0.41009558132231005
1.432,-0.5658978677297961
1.433,0.38397765848308407
1.434,-1.9296911050279264
1.435,-1.8373915928109894
1.436,-1.9020971312688992
1.437,-1.8607871196367514
1.438,-2.0920292466303962
1.439,-0.6944935940686265
1.44,-2.174829857682604
1.441,-1.3700954985320508
1.442,-1.4229460822694149
1.443,-0.9188563678170381
1.444,-0.8008206506094201
1.445,-1.408450240057589
1.446,0.239850698530234
1.447,-0.6464875353320901
1.448,0.12527615486435062
1.449,0.25507937123046615
1.45,1.2145109080403462
1.451,0.8642905026808985
1.452,0.9426427075815764
1.453,0.6092541355885026
1.454,-0.012550775981886031
1.455,1.1087706863790714
1.456,0.7729216829639801
1.457,-0.15944737612298518
1.458,0.28748306200601065
1.459,0.2638643630468922
1.46,-0.7977281897016147
1.461,-0.9146765452740675
1.462,-0.7348107095404821
1.463,-0.6697169802001302
1.464,-1.1369275179594187
1.465,-0.37580820706910034
1.466,-0.534722681914959
1.467,-0.1252260566612816
1.468,-0.7288021588800037
1.469,-0.9121878111463021
1.47,-0.5199606997804281
1.471,0.5909163964402104
1.472,-0.2311678404143105
1.473,0.19822462443134434
1.474,0.04975608870624837
1.475,0.26441251262402843
1.476,1.1464816453037734
1.477,1.9695814105965903
1.478,1.4283538620919476
1.479,1.373396208070853
1.48,1.833287954481828
1.481,1.404357074690274
1.482,0.7970596092496004
1.483,0.573658939737465
1.484,1.151830657793663
1.485,-0.12396664985988742
1.486,0.9551312278773034
1.487,-0.021955422875965608
1.488,-0.6197888989241851
1.489,-0.8930568639979474
1.49,-0.27815777416664234
1.491,-0.7050898105518728
1.492,-2.3200531654225323
1.493,0.2342106864035241
1.494,-0.09917309488162723
1.495,-0.69510085064758
1.496,-0.28830578520519645
1.497,-0.49150996880937237
1.498,0.5116835055159666
1.499,0.8958304913289812
1.5,1.0006113670373717
1.5010000000000001,0.8648438297174943
1.502,1.3385030989127886
1.5030000000000001,1.0559517286748408
1.504,0.8396332888717164
1.5050000000000001,2.236374511101063
1.506,0.613046486776766
1.5070000000000001,1.628470558166716
1.508,0.8330488052276073
1.5090000000000001,1.1783202590040518
1.51,0.8203615142075773
1.5110000000000001,0.6774877728190217
1.512,-0.607450135715172
1.5130000000000001,0.053251765815655966
1.514,-1.082033069192633
1.5150000000000001,-0.5645645649838477
1.516,-1.208362233802904
1.5170000000000001,-1.0302095935264264
1.518,-0.6420457299464687
1.5190000000000001,-1.275662754502466
1.52,-0.15708558569962305
1.5210000000000001,-0.5453605539156847
1.522,0.14143431006036253
1.5230000000000001,-1.0882628120052042
1.524,0.38713041452091784
1.5250000000000001,0.6644210366668688
1.526,0.6847810607766531
1.5270000000000001,0.3188417194008593
1.528,0.786568482616824
1.5290000000000001,1.344285296701051
1.53,1.811825767168176
1.5310000000000001,1.1910557117005849
1.532,1.5428099716211072
1.5330000000000001,1.5333065073436378
1.534,1.115452316140072
1.5350000000000001,0.1310739106184522
1.536,0.13098363534792756
1.537,-0.10871098074191299
1.538,0.41717215236931066
1.539,-0.22848577153703326
1.54,-0.9353219302825775
1.541,0.20761650299508516
1.542,-1.0329963595040437
1.543,-0.9413872894879574
1.544,-2.100395211567428
1.545,0.27775186243834254
1.546,-0.25481009010284894
1.547,-1.2601868023695846
1.548,0.7133203777569093
1.549,0.5032727590168858
1.55,0.7445198989994808
1.551,0.9342983141416792
1.552,1.0368533501213448
1.553,0.028912902489700354
1.554,1.6856021329707689
1.555,1.3504914708607005
1.556,0.9394450593890274
1.557,1.8261036896429026
1.558,1.5121536880063835
1.559,1.4457004075223736
1.56,0.763303309428193
1.561,0.5173720057609206
1.562,0.09826866813942259
1.563,0.3710655429424593
1.564,0.7420696686056673
1.565,0.4027056548737995
1.566,-0.7004550286718874
1.567,-1.6202718962525018
1.568,-0.6321259447291397
1.569,-0.006713906324265273
1.57,-0.23945420490764058
1.571,0.4300382778943649
1.572,0.6698929403145888
1.573,-0.020352083045515057
1.574,0.4135243648844519
1.575,1.1707946305597752
1.576,1.4776868379790467
1.577,0.7314117385559111
1.578,2.086409657669135
1.579,0.5795321849127475
1.58,0.9994142279742698
1.581,1.300224688221146
1.582,1.1189592719383499
1.583,0.8529812969303471
1.584,1.2927816635621991
1.585,1.2372114559289706
1.586,0.12811208850892564
1.587,0.6380097489867731
1.588,-0.10423502172392501
1.589,0.0177200480648963
1.59,-1.156974794607869
1.591,-0.6648202793006099
1.592,-0.05223207253372991
1.593,-0.8013553425618608
1.594,0.013206947149411674
1.595,-0.30666077189001884
1.596,-0.2374522740437311
1.597,0.6938975875935298
1.598,0.830937194581618
1.599,-0.27797293128462125
1.6,0.5546598939812655
1.601,1.6162497608148558
1.602,0.9938776548164503
1.603,1.5150406723876286
1.604,0.9950524145821517
1.605,0.5656684707655628
1.606,1.1911150380552042
1.607,0.3043154167294355
1.608,0.6626848286698688
1.609,0.9835035948838334
1.61,0.7764326255215985
1.611,0.09652130923274439
1.612,-0.8868796962336694
1.613,-0.7649352265563384
1.614,-0.5825432674861672
1.615,-1.1682467199191064
1.616,-0.34885226660810026
1.617,-0.871068335948781
1.618,-1.326470329123129
1.619,-0.8232779020635653
1.62,-0.44813140084633346
1.621,-0.44750656726299387
1.622,-0.5708644290879682
1.623,-0.3903560157819879
1.624,0.36616884243627035
1.625,0.665272835065325
1.6260000000000001,0.5036499062286661
1.627,0.15295910486783149
1.6280000000000001,1.7453522837407685
1.629,1.2128057403771249
1.6300000000000001,1.2497047044919345
1.631,0.4491010566041077
1.6320000000000001,1.2960835293385324
1.633,0.44895411943977415
1.6340000000000001,0.49521712767128734
1.635,-0.37382054255586106
1.6360000000000001,-0.6276511781812607
1.637,0.6892829041891044
1.6380000000000001,-0.3181711953937941
1.639,-0.9134360017928593
1.6400000000000001,-1.2126132122753026
1.641,-0.6224857559724142
1.6420000000000001,-0.8920139011720402
1.643,-0.3080215911517955
1.6440000000000001,-0.02370410193437192
1.645,-0.6916459927799954
1.6460000000000001,0.49626606979625704
1.647,-1.16819068758635
1.6480000000000001,0.14896929427589073
1.649,0.6192687990675191
1.6500000000000001,1.881167286084898
1.651,0.6756248081435189
1.6520000000000001,0.9039273888618754
1.653,1.8122089255579623
1.6540000000000001,0.4978156743232201
1.655,0.3458060432658628
1.6560000000000001,0.5954663638481384
1.657,0.49687897705582473
1.6580000000000001,-0.39331234338284426
1.659,-0.4810721625735123
1.6600000000000001,-0.9724297246277057
1.661,-0.7700419770055089
1.6620000000000001,-0.7992074198963419
1.663,-1.8485682333463755
1.6640000000000001,-0.6992554979169545
1.665,-1.550723640250289
1.666,-0.7653267574946434
1.667,-1.9165474765830919
1.668,-0.35535687088953094
1.669,-0.353673763356377
1.67,-0.47988368903094525
1.671,0.18297080981213815
1.672,-0.6345238967481944
1.673,-0.7585941311931392
1.674,-0.05227693890686902
1.675,1.238639001721015
1.676,0.15240781418384575
1.677,-0.4313628728649237
1.678,0.5510996013815789
1.679,0.041306833197467085
1.68,-0.06435202915021387
1.681,-0.44514139552295173
1.682,-1.6350524429015074
1.683,-1.249428164557806
1.684,-0.8399261613679193
1.685,-0.3059186224188031
1.686,-1.1772830817230768
1.687,-1.3734447972943318
1.688,-1.6203682701481275
1.689,-1.880644990579
1.69,-0.8454733200189655
1.691,-0.779249802120637
1.692,-0.6067802247038898
1.693,-0.9818557386413502
1.694,-0.6563822388270133
1.695,-0.684529453827259
1.696,0.5419180751061944
1.697,-0.067599371925948
1.698,0.46373941518204237
1.699,0.506578927596683
1.7,0.1659199126672306
1.701,0.8397942214470089
1.702,-0.048542794792986954
1.703,1.7014714678575107
1.704,-0.37235110227223484
1.705,-0.17800302893072428
1.706,-0.23168749068660216
1.707,-0.35790328793590703
1.708,-1.2670271706403944
1.709,-1.649701371522539
1.71,-1.3093060010629336
1.711,-0.5571889281189019
1.712,-0.2802698529588755
1.713,-1.130820754270895
1.714,-0.6818399206527552
1.715,-0.14511109257432567
1.716,-0.7072988047123159
1.717,0.13826081083752856
1.718,-0.005145136302508312
1.719,0.38892264344189775
1.72,0.9334259523010641
1.721,1.068345930227905
1.722,1.9048833958887257
1.723,0.1678031240360677
1.724,0.9072886736706067
1.725,0.20094181274842315
1.726,-0.3821346314288377
1.727,-0.2922925835057168
1.728,0.37826956404735845
1.729,-0.24535084232687152
1.73,-0.31590776661452835
1.731,-1.3297808022532251
1.732,-1.217177557314715
1.733,-1.00585010232902
1.734,-1.6174005503795579
1.735,-0.233725948696563
1.736,-1.4020239022647594
1.737,-1.128332974376586
1.738,-0.17561218807261691
1.739,-0.5797133457951125
1.74,-0.2345594342176178
1.741,0.3429116084519942
1.742,0.4890948004292974
1.743,0.2760070273098799
1.744,-0.021695448175101995
1.745,0.8293094555028452
1.746,0.4698897970869886
1.747,0.0448823578152196
1.748,1.2223385799792208
1.749,0.30170989060631515
1.75,0.799378952483165
1.7510000000000001,-0.18950728407281947
1.752,-0.5676595013731405
1.7530000000000001,-1.6793439585886283
1.754,-1.5393565278475956
1.7550000000000001,-0.4823272160868284
1.756,-1.1946517885071688
1.7570000000000001,-1.5536493360140893
1.758,-1.5677220134302585
1.7590000000000001,-1.6967133454741754
1.76,-1.7546592577652156
1.7610000000000001,-0.3231587085429029
1.762,-0.3297920712295335
1.7630000000000001,-0.5974153478485771
1.764,0.005936401259620694
1.7650000000000001,0.6195663180039759
1.766,-0.22135083255904858
1.7670000000000001,0.16722060479279244
1.768,1.4174979298132775
1.7690000000000001,0.3920271955222675
1.77,0.4975614051130788
1.7710000000000001,0.47801534131382617
1.772,-0.8008679477022818
1.7730000000000001,0.2625740306413609
1.774,-0.43089804615102534
1.7750000000000001,-1.372908111758103
1.776,0.12582832572622105
1.7770000000000001,-1.4634805133319215
1.778,-1.9758187710158865
1.7790000000000001,-1.2479353190311495
1.78,-1.280593431237762
1.7810000000000001,-2.168606351476212
1.782,-0.26426609920940963
1.7830000000000001,-0.9311131807176416
1.784,-0.3611951958962429
1.7850000000000001,0.07402948836970835
1.786,-0.9608005714502176
1.7870000000000001,1.1402505140927743
1.788,0.884612570704487
1.7890000000000001,0.47873371931326414
1.79,1.6799724442387476
1.7910000000000001,-0.14373405124542632
1.792,1.031856350019023
1.793,0.5003987802437974
1.794,0.3156424855569343
1.795,1.0053390877690176
1.796,-0.11995807719490997
1.797,0.5968306238900465
1.798,-0.37418498643641734
1.799,0.2408821853383875
1.8,-0.9406335562629742
1.801,-1.486470960748124
1.802,-2.723596835199489
1.803,-1.0113464634025642
1.804,0.022586883328097163
1.805,-0.902066168526807
1.806,0.3841241418764546
1.807,-0.49682568810026045
1.808,0.4148374112274051
1.809,0.1568601140895231
1.81,1.225339423186195
1.811,0.9950294044165586
1.812,1.3185295276313664
1.813,1.699617348778305
1.814,1.2783957679410614
1.815,1.278283447356647
1.816,0.41793123066754306
1.817,1.0507407313717345
1.818,1.0829514996605791
1.819,0.709314900916425
1.82,-0.47933439872475
1.821,-0.6840049771358689
1.822,-0.24646710105045894
1.823,-0.08207921721086314
1.824,-0.35487884720303586
1.825,-0.354971274807318
1.826,0.15098852911517735
1.827,0.21315194750224023
1.828,-0.05109344730205978
1.829,-0.5639064698169663
1.83,1.2332882252726125
1.831,1.2403527285187699
1.832,0.9761695349107319
1.833,0.3287132422332836
1.834,1.591725543452494
1.835,1.5302853159039445
1.836,1.3529086311690934
1.837,0.7084109022858844
1.838,1.2147820120646797
1.839,0.6060651518731773
1.84,-0.5194325976097521
1.841,0.06590202244513554
1.842,-0.0691794375649469
1.843,-0.10362902494953335
1.844,-0.33621133470032766
1.845,-1.8271031393079178
1.846,-0.2672354228069317
1.847,-1.0062069205352373
1.848,-0.5091990230016232
1.849,-0.16240248524136963
1.85,-0.5025580711074454
1.851,0.3958461620852888
1.852,1.050246595612373
1.853,1.1271181828385912
1.854,1.008760318517047
1.855,1.60942726249024
1.856,2.367735728442126
1.857,1.5908840477843358
1.858,1.6609966181511162
1.859,0.8406422438698959
1.86,1.5709179329041718
1.861,0.8646706262245769
1.862,0.5317326288135695
1.863,0.10759343877715255
1.864,-0.4723372948615951
1.865,-0.8540960788690682
1.866,-1.0396508866663012
1.867,0.02554466056885063
1.868,-0.4076191480848691
1.869,-0.47249598000280524
1.87,0.22670514146927845
1.871,-0.033255001846624
1.872,0.8739644103937559
1.873,0.7672291001984324
1.874,1.586683845282315
1.875,1.1760918111173053
1.8760000000000001,0.40859004628261497
1.877,1.7200024755494836
1.8780000000000001,1.6215250667751342
1.879,0.8983141906648244
1.8800000000000001,0.7026200674972691
1.881,1.3262535336818644
1.8820000000000001,1.2894428687616122
1.883,0.7958632837683951
1.8840000000000001,-0.4273612848447521
1.885,0.5598285959033804
1.8860000000000001,0.3495446344806127
1.887,-0.6419706881781378
1.8880000000000001,-0.7153921355372207
1.889,0.29657364218862636
1.8900000000000001,-0.19324255913567667
1.891,-0.012204238557106561
1.8920000000000001,0.8060365051679295
1.893,0.6607098431657286
1.8940000000000001,1.2807298809211156
1.895,1.5834847227140958
1.8960000000000001,-0.3677321799852959
1.897,1.3907296365037283
1.8980000000000001,0.860144400386335
1.899,1.0219342421128175
1.9000000000000001,0.4217884186873578
1.901,1.5080602192974135
1.9020000000000001,0.1908235337698419
1.903,-0.38858169375056334
1.9040000000000001,-0.43912218391340785
1.905,-0.7573906757005282
1.9060000000000001,-0.40885958181471116
1.907,-1.6309003077163438
1.9080000000000001,-1.8812435967077887
1.909,-1.1146698792600973
1.9100000000000001,-1.2678652505675172
1.911,-1.3659812361795596
1.9120000000000001,-0.7296087586151693
1.913,0.44624746733894427
1.9140000000000001,0.7423410450647584
1.915,0.4592273630999936
1.9160000000000001,0.9944680478362995
1.917,0.5357515496017974
1.9180000000000001,0.8105534530435947
1.919,1.3426059332538252
1.92,0.9326237285046171
1.921,0.5004915218688442
1.922,1.11802968108769
1.923,-1.0433287474798736
1.924,-0.3419668262580042
1.925,-0.8692047412637728
1.926,-0.5224786370399314
1.927,-0.30630894471189063
1.928,-1.7489196082126124
1.929,-2.5933977884274597
1.93,-0.931566699674488
1.931,-0.48147832484369
1.932,-1.1076651297103837
1.933,-0.9166374387495047
1.934,0.3964712257841746
1.935,-0.6679910695926091
1.936,0.014742510386357849
1.937,0.6714265041892574
1.938,0.8028943641594348
1.939,0.8752403909402054
1.94,0.5517126079463567
1.941,0.765375149298602
1.942,0.6397200123041067
1.943,-0.11420517387340534
1.944,0.09801378522711607
1.945,-0.9540069090157821
1.946,-0.596260805909913
1.947,-1.1720910611222686
1.948,-1.4977774910880703
1.949,-0.9485854622749427
1.95,-1.222028008873382
1.951,-0.41469001302553893
1.952,-0.7337579478095722
1.953,-0.6235288594191757
1.954,-0.43545019785369876
1.955,0.15024233822123018
1.956,1.1633258567037037
1.957,1.7015948252831083
1.958,1.2556578813857866
1.959,0.8723809035154774
1.96,1.6227110096388184
1.961,1.756975453853718
1.962,0.9139674582664667
1.963,1.265719745983609
1.964,1.3572618720075305
1.965,-0.7788249805379011
1.966,-0.05251372749012473
1.967,-1.3128487892300598
1.968,0.09502883972768666
1.969,-1.0965961065832264
1.97,-0.8974735589379904
1.971,-0.7562813666038023
1.972,-0.038124384006063106
1.973,-0.7030787051004517
1.974,0.17489785815794662
1.975,0.5666557614070192
1.976,0.7469796836429385
1.977,1.0896783071382765
1.978,1.173203513520921
1.979,0.8924507341841893
1.98,1.086750741268817
1.981,0.49002960020011876
1.982,1.7485774469908801
1.983,0.5223126252608732
1.984,1.0710427243046805
1.985,0.5715238825769674
1.986,0.11766194875488678
1.987,-0.014684269574997133
1.988,0.6619201709026865
1.989,0.18224610736986963
1.99,-1.2380932941221385
1.991,-0.6537504340711913
1.992,-1.3859698281751358
1.993,0.7009081561157792
1.994,0.42688704690321666
1.995,0.192540865177022
1.996,-0.05385799612355158
1.997,0.3569259833650242
1.998,1.0084191140785372
1.999,1.3998679522545154
